{
  "within_gpt-4.1_arc_challenge": {
    "model": "gpt-4.1",
    "dataset": "arc_challenge",
    "direct_aar_mean": 1.0,
    "direct_aar_std": 0.0,
    "cot_aar_mean": 0.8714285714285713,
    "cot_aar_std": 0.22812456318101876,
    "diff": -0.12857142857142867,
    "cohens_d": -0.563601861974164,
    "p_value": 0.015186198557064549,
    "n_questions": 28
  },
  "within_gpt-4.1_commonsenseqa": {
    "model": "gpt-4.1",
    "dataset": "commonsenseqa",
    "direct_aar_mean": 0.98,
    "direct_aar_std": 0.1077032961426901,
    "cot_aar_mean": 0.7333333333333332,
    "cot_aar_std": 0.2748737083745107,
    "diff": -0.2466666666666668,
    "cohens_d": -0.9078558738987043,
    "p_value": 0.0006362991412402051,
    "n_questions": 30
  },
  "within_gpt-4.1_gsm8k": {
    "model": "gpt-4.1",
    "dataset": "gsm8k",
    "direct_aar_mean": 0.87,
    "direct_aar_std": 0.2746512940681936,
    "cot_aar_mean": 0.98,
    "cot_aar_std": 0.1077032961426901,
    "diff": 0.10999999999999999,
    "cohens_d": 0.46386944998063195,
    "p_value": 0.026856695507524397,
    "n_questions": 30
  },
  "within_gpt-4.1-mini_arc_challenge": {
    "model": "gpt-4.1-mini",
    "dataset": "arc_challenge",
    "direct_aar_mean": 0.9642857142857143,
    "direct_aar_std": 0.13151394742515693,
    "cot_aar_mean": 0.9035714285714285,
    "cot_aar_std": 0.21294221693948345,
    "diff": -0.06071428571428583,
    "cohens_d": -0.23025593347320325,
    "p_value": 0.22994905679421362,
    "n_questions": 28
  },
  "within_gpt-4.1-mini_commonsenseqa": {
    "model": "gpt-4.1-mini",
    "dataset": "commonsenseqa",
    "direct_aar_mean": 0.9466666666666667,
    "direct_aar_std": 0.17074997966487596,
    "cot_aar_mean": 0.9266666666666665,
    "cot_aar_std": 0.19652537297311562,
    "diff": -0.02000000000000013,
    "cohens_d": -0.11020775375498948,
    "p_value": 0.4795001221869535,
    "n_questions": 30
  },
  "within_gpt-4.1-mini_gsm8k": {
    "model": "gpt-4.1-mini",
    "dataset": "gsm8k",
    "direct_aar_mean": 0.7533333333333334,
    "direct_aar_std": 0.3201388587611458,
    "cot_aar_mean": 0.98,
    "cot_aar_std": 0.1077032961426901,
    "diff": 0.22666666666666657,
    "cohens_d": 0.6438054664755761,
    "p_value": 0.0057900228347514205,
    "n_questions": 30
  },
  "within_gpt-4.1-nano_arc_challenge": {
    "model": "gpt-4.1-nano",
    "dataset": "arc_challenge",
    "direct_aar_mean": 0.9566326530612245,
    "direct_aar_std": 0.15832036305994743,
    "cot_aar_mean": 0.835204081632653,
    "cot_aar_std": 0.25312859126364745,
    "diff": -0.12142857142857144,
    "cohens_d": -0.41762613328741044,
    "p_value": 0.07018499196649255,
    "n_questions": 28
  },
  "within_gpt-4.1-nano_commonsenseqa": {
    "model": "gpt-4.1-nano",
    "dataset": "commonsenseqa",
    "direct_aar_mean": 0.94,
    "direct_aar_std": 0.15620499351813313,
    "cot_aar_mean": 0.8666666666666667,
    "cot_aar_std": 0.22705848487901867,
    "diff": -0.07333333333333325,
    "cohens_d": -0.24183126064876406,
    "p_value": 0.16932729721206286,
    "n_questions": 30
  },
  "within_gpt-4.1-nano_gsm8k": {
    "model": "gpt-4.1-nano",
    "dataset": "gsm8k",
    "direct_aar_mean": 0.5599999999999999,
    "direct_aar_std": 0.3773592452822641,
    "cot_aar_mean": 0.9133333333333333,
    "cot_aar_std": 0.20450482200237288,
    "diff": 0.3533333333333334,
    "cohens_d": 0.8856736195677221,
    "p_value": 0.00027842234865561394,
    "n_questions": 30
  },
  "acc_gpt-4.1_arc_challenge_direct": 0.9285714285714286,
  "acc_gpt-4.1_arc_challenge_cot": 0.8642857142857142,
  "acc_gpt-4.1_commonsenseqa_direct": 0.9466666666666667,
  "acc_gpt-4.1_commonsenseqa_cot": 0.7333333333333335,
  "acc_gpt-4.1_gsm8k_direct": 0.7,
  "acc_gpt-4.1_gsm8k_cot": 0.92,
  "acc_gpt-4.1-mini_arc_challenge_direct": 0.9,
  "acc_gpt-4.1-mini_arc_challenge_cot": 0.8928571428571429,
  "acc_gpt-4.1-mini_commonsenseqa_direct": 0.9266666666666665,
  "acc_gpt-4.1-mini_commonsenseqa_cot": 0.92,
  "acc_gpt-4.1-mini_gsm8k_direct": 0.49999999999999994,
  "acc_gpt-4.1-mini_gsm8k_cot": 0.92,
  "acc_gpt-4.1-nano_arc_challenge_direct": 0.8642857142857142,
  "acc_gpt-4.1-nano_arc_challenge_cot": 0.8214285714285714,
  "acc_gpt-4.1-nano_commonsenseqa_direct": 0.8533333333333334,
  "acc_gpt-4.1-nano_commonsenseqa_cot": 0.8200000000000002,
  "acc_gpt-4.1-nano_gsm8k_direct": 0.18666666666666665,
  "acc_gpt-4.1-nano_gsm8k_cot": 0.8733333333333333,
  "cross_gpt-4.1 vs gpt-4.1-mini_arc_challenge": {
    "model_pair": "gpt-4.1 vs gpt-4.1-mini",
    "dataset": "arc_challenge",
    "direct_mean": 0.9714285714285714,
    "direct_std": 0.11605769149479943,
    "cot_mean": 0.8157142857142857,
    "cot_std": 0.27575129285318695,
    "diff": -0.1557142857142857,
    "cohens_d": -0.49231636724112177,
    "p_value": 0.022386358850697105,
    "n_questions": 28
  },
  "cross_gpt-4.1 vs gpt-4.1-mini_commonsenseqa": {
    "model_pair": "gpt-4.1 vs gpt-4.1-mini",
    "dataset": "commonsenseqa",
    "direct_mean": 0.9400000000000001,
    "direct_std": 0.18000000000000002,
    "cot_mean": 0.7386666666666667,
    "cot_std": 0.2749513088207114,
    "diff": -0.20133333333333336,
    "cohens_d": -0.7440229350918496,
    "p_value": 0.0006459760168665936,
    "n_questions": 30
  },
  "cross_gpt-4.1 vs gpt-4.1-mini_gsm8k": {
    "model_pair": "gpt-4.1 vs gpt-4.1-mini",
    "dataset": "gsm8k",
    "direct_mean": 0.5786666666666667,
    "direct_std": 0.43545939981689324,
    "cot_mean": 0.984,
    "cot_std": 0.08616263691415207,
    "diff": 0.4053333333333333,
    "cohens_d": 0.9593008420864457,
    "p_value": 0.00040295447776158037,
    "n_questions": 30
  },
  "cross_gpt-4.1 vs gpt-4.1-nano_arc_challenge": {
    "model_pair": "gpt-4.1 vs gpt-4.1-nano",
    "dataset": "arc_challenge",
    "direct_mean": 0.9357142857142857,
    "direct_std": 0.20738901629939963,
    "cot_mean": 0.7671428571428571,
    "cot_std": 0.29297558580460425,
    "diff": -0.1685714285714286,
    "cohens_d": -0.44790896676607406,
    "p_value": 0.020526759949796726,
    "n_questions": 28
  },
  "cross_gpt-4.1 vs gpt-4.1-nano_commonsenseqa": {
    "model_pair": "gpt-4.1 vs gpt-4.1-nano",
    "dataset": "commonsenseqa",
    "direct_mean": 0.8986666666666667,
    "direct_std": 0.2533473680322906,
    "cot_mean": 0.6733333333333335,
    "cot_std": 0.32299982800133026,
    "diff": -0.22533333333333327,
    "cohens_d": -0.7230612360749143,
    "p_value": 0.0016530712609066534,
    "n_questions": 30
  },
  "cross_gpt-4.1 vs gpt-4.1-nano_gsm8k": {
    "model_pair": "gpt-4.1 vs gpt-4.1-nano",
    "dataset": "gsm8k",
    "direct_mean": 0.21200000000000002,
    "direct_std": 0.3761063679333282,
    "cot_mean": 0.94,
    "cot_std": 0.1562049935181331,
    "diff": 0.728,
    "cohens_d": 1.7532449499361626,
    "p_value": 5.4130820215514775e-06,
    "n_questions": 30
  },
  "cross_gpt-4.1-mini vs gpt-4.1-nano_arc_challenge": {
    "model_pair": "gpt-4.1-mini vs gpt-4.1-nano",
    "dataset": "arc_challenge",
    "direct_mean": 0.9071428571428571,
    "direct_std": 0.22979582774493446,
    "cot_mean": 0.8428571428571429,
    "cot_std": 0.1953542047311049,
    "diff": -0.06428571428571428,
    "cohens_d": -0.20609486108804656,
    "p_value": 0.18159006117738474,
    "n_questions": 28
  },
  "cross_gpt-4.1-mini vs gpt-4.1-nano_commonsenseqa": {
    "model_pair": "gpt-4.1-mini vs gpt-4.1-nano",
    "dataset": "commonsenseqa",
    "direct_mean": 0.8893333333333333,
    "direct_std": 0.24324107840211162,
    "cot_mean": 0.8426666666666668,
    "cot_std": 0.23662816588244284,
    "diff": -0.04666666666666652,
    "cohens_d": -0.1731379586403748,
    "p_value": 0.2403681110544662,
    "n_questions": 30
  },
  "cross_gpt-4.1-mini vs gpt-4.1-nano_gsm8k": {
    "model_pair": "gpt-4.1-mini vs gpt-4.1-nano",
    "dataset": "gsm8k",
    "direct_mean": 0.15466666666666667,
    "direct_std": 0.32012219889008353,
    "cot_mean": 0.94,
    "cot_std": 0.1562049935181331,
    "diff": 0.7853333333333332,
    "cohens_d": 2.3861803754308233,